title,author,year,genres,rating,popularity_score
Kinder- und Hausmärchen,Brothers Grimm,1812,"Fairy tales, Folk literature, Folklore",4.57,21.911051318619712
Bleak House,Charles Dickens,1850,"Fiction, Guardian and ward, Young women",3.93,56.696990435524185
Das Kapital,Karl Marx,1867,"Economics, Capital, Communism",4.41,8.078502946511122
Evil Under the Sun,Agatha Christie,1941,"Hercule Poirot (Fictitious character), Private investigators, Detective and mystery stories",4.0,43.634926295828684
Middlemarch,George Eliot,1871,"Young women, Married people, City and town life",4.1,82.85155763900788
"Villette, a novel",Charlotte Brontë,1853,"Fiction, Women teachers, Separation (Psychology)",3.0,80.9109655918984
The Body in the Library,Agatha Christie,1942,"Fiction, Mystery, Women detectives",3.82,77.46923303596131
The Portrait of a Lady,Henry James,1881,"Fiction, Americans, Inheritance and succession",3.9,14.467538744790128
Cranford,Elizabeth Cleghorn Gaskell,1853,"Fiction, Older women, Villages",4.0,89.26510352132026
Daisy Miller,Henry James,1877,"Fiction, Americans, Young women",3.0,28.535804018459274
The A.B.C. Murders,Agatha Christie,1936,"Fiction, Mystery, Agatha Christie",4.1,88.90189513181618
To Kill a Mockingbird,Harper Lee,1960,"fiction, fiction classics, contemporary fiction",4.07,61.325124748463345
4:50 from Paddington,Agatha Christie,1957,"Fiction, Mystery, Jane Marple (Fictitious character)",3.95,69.17166916865293
Ethan Frome,Edith Wharton,1910,"Accident victims, American fiction (fictional works by one author), American literature",3.94,5.101688687798035
A Little Princess,Frances Hodgson Burnett,1905,"Children's fiction, Orphans, fiction, London (england), fiction",4.6,47.95627934586311
The Return of the Native,Thomas Hardy,1878,"People with visual disabilities, fiction, Return of the native (Hardy, Thomas)",4.0,57.2880118816892
To the Lighthouse,Virginia Woolf,1927,"Fiction, Married people, Death",3.7,27.130770260204574
Lady Chatterley's Lover,D. H. Lawrence,1900,"Sexual behavior, Married women, Adultery",2.94,82.73095554974635
The Secret Agent,Joseph Conrad,1907,"Anarchists, fiction, Conspiracies, fiction, Bombings, fiction",3.43,89.95525667343159
Отцы и дети,Ivan Sergeevich Turgenev,1867,"Fiction, Social life and customs, Fathers and sons",4.0,10.996329622225927
Les Contes de ma mère l'Oye,Charles Perrault,1675,"Nursery rhymes, France, Children's stories, French",3.0,81.858945379153
The Jewel of Seven Stars,Bram Stoker,1902,"Mummies, Horror, Fiction",4.5,91.70591781019239
The Murder of Roger Ackroyd,Agatha Christie,1926,"detective fiction, mystery, murder",4.14,10.33398316324959
The Secret Adversary,Agatha Christie,1922,"Classic Literature, English language, Fiction",3.79,65.88679114757298
Les Misérables,Victor Hugo,1862,"Poor, Fiction, Readers",4.31,35.233839761309945
The Age of Innocence,Edith Wharton,1920,"Fiction, Triangles (Interpersonal relations), Upper class",3.49,52.38492817822324
The Railway Children,Edith Nesbit,1900,"Brothers and sisters, Children's stories, Classic Literature",3.47,88.17457336020792
Mrs. Dalloway,Virginia Woolf,1925,"Fiction, Married women, Married women in fiction",3.66,93.51844715366377
Dubliners,James Joyce,1914,"Daily Express, West Briton, Three Graces",3.84,20.542292028719405
Hans Andersen's Fairy Tales,Hans Christian Andersen,1846,"Miniature books, Translations into French, Juvenile literature",3.73,67.33097462058454
The Grapes of Wrath,John Steinbeck,1939,"Labor camps, Depressions, Labor camps in literature",3.94,23.711035582696073
Leaves of Grass,Walt Whitman,1855,"Manuscripts, United States Civil War, 1861-1865, Gay poets",3.71,64.29496589594399
Three Men in a Boat (to say nothing of the dog),Jerome Klapka Jerome,1889,"Humorous stories, Male friendship, Description and travel",3.4,65.88578273181218
The Riddle of the Sands,Erskine Childers,1903,"Great britain, fiction, Fiction, action & adventure, Fiction, thrillers, espionage",3.33,69.32015086660374
Robin Hood,Howard Pyle,1883,"Children's fiction, Robin hood (legendary character), fiction, Adventure and adventurers, fiction",4.18,1.6353864792070678
Kim,Rudyard Kipling,1901,"Fiction, Irish, Lamas",3.67,65.46355463526157
Wuthering Heights,Emily Brontë,1846,"British and irish fiction (fictional works by one author), Children's fiction, Classic fiction",3.93,26.92306102573827
The Secret Garden,Frances Hodgson Burnett,1911,"Fiction, general, Friendship, fiction, People with disabilities, fiction",3.92,2.264057657949817
The Moonstone,Wilkie Collins,1868,"Fiction, Jewelry theft, East Indians",4.05,42.67498232822234
The Thirty-Nine Steps,John Buchan,1915,"Hannay, richard (fictitious character), fiction, Great britain, fiction, Fiction, espionage",3.45,12.337546882928915
Five Children and It,Edith Nesbit,1905,"Fiction, Fairies, Wishes",3.6,93.98111439017224
Heart of Darkness,Joseph Conrad,1899,"Fiction, Romance, Degeneration",3.52,32.94567805345103
Candide,Voltaire,1746,"Conduct of life, Readers, Literatura francesa",3.95,19.74383189743041
The Last of the Mohicans,James Fenimore Cooper,1826,"Adventure stories, Ficción, Fiction",3.67,45.79456012601394
The Woman in White,Wilkie Collins,1860,"Fiction, mystery & detective, general",3.94,44.84604089178603
Преступление и наказание,Фёдор Михайлович Достоевский,1866,"English Translations, Russian literature, Novela psicológica",4.21,22.682822699355583
Vingt mille lieues sous les mers,Jules Verne,1870,"Toy and movable books, Fiction, Specimens",4.02,90.3808478404911
Jane Eyre,Charlotte Brontë,1847,"Fiction, Romance, Historical""",4.01,48.51085244330982
Oliver Twist,Charles Dickens,1822,"Bildungsromans, Boys, Brigands and robbers",4.06,89.13075838453277
The Scarlet Letter,Nathaniel Hawthorne,1850,"Fiction, Puritans, Puritans in fiction",3.24,9.123316379840707
The Turn of the Screw,Henry James,1898,"Governesses, fiction, Children, fiction, Fiction, ghost",3.37,30.911444679526294
Much Ado About Nothing,William Shakespeare,1600,"mistaken identities, performing arts, comedy",4.33,62.085452559176574
Wind in the Willows,Kenneth Grahame,1908,"Children's fiction, Animals, fiction, Friendship, fiction",4.06,35.734316524975924
The Time Machine,H. G. Wells,1895,"Self-experimentation in medicine in fiction, Fiction, Time travel in fiction",3.89,45.05752998721446
Poems,William Wordsworth,1807,"Gift books, Specimens, Facsimiles",3.75,47.42976324709189
कामसूत्र,Vatsyāyana,1883,"Sex customs, Love, Sexual intercourse",3.64,77.1187027817179
Antony and Cleopatra,William Shakespeare,1734,"Antonius, Marcus,, Antonius, Marcus, 83?-30 B.C., Bibliography",3.4,31.862164748669546
Pickwick Papers,Charles Dickens,1800,"Fiction, Men, Societies and clubs",3.0,76.25552525545929
Kidnapped,Robert Louis Stevenson,1886,"Juvenile fiction, Fiction, History",3.64,5.273010589478295
Pride and Prejudice,Jane Austen,1813,"Fiction, Romance, Historical, Regency, British and irish fiction (fictional works by one author), Brothers and sisters",4.14,99.76999991103654
The Sayings of Lao Tzü,Laozi,1875,"Taoism, Chinese Philosophy, Asian Philosophy",4.4,18.132597906175484
Persuasion,Jane Austen,1789,"Fiction, Romance, Historical, Regency, Love stories, English, Moški in ženske",4.28,10.85199725534224
Murder in Three Acts,Agatha Christie,1934,"Fiction, Hercule Poirot (Fictitious character), Murder in fiction",3.75,88.8590029734694
Hard Times,Charles Dickens,1854,"Fiction, Social problems, Utilitarianism",3.8,50.86229946060646
The Legend of Sleepy Hollow,Washington Irving,1820,"Fiction, Ghosts, History",4.18,25.03577733629236
As You Like It,William Shakespeare,1734,"Drama, Fathers and daughters, Exiles",3.56,47.646634668670735
War and Peace,Лев Толстой,1864,"Classic, History, Russian Empire",4.5,28.69317989377301
Moby Dick,Herman Melville,1851,"American Sea stories, Mentally ill, Whaling",3.85,57.7351684164331
A Study in Scarlet,Arthur Conan Doyle,1887,"Action & Adventure Fiction, aortic aneurysm, Battle of Maiwand",3.94,9.770576555313019
Tess of the d'Urbervilles,Thomas Hardy,1707,"Fiction, Man-woman relationships, fiction, Poor families, fiction",3.8,97.99107974361355
Twelfth Night,William Shakespeare,1734,"Drama, Brothers and sisters, Twins",3.65,4.045057654814422
The Adventures of Tom Sawyer,Mark Twain,1817,"The Adventures of Tom Sawyer, Mark Twain, 1835-1910",3.96,40.85234083301364
Treasure Island,Robert Louis Stevenson,1880,"Fiction, Treasure Island (Imaginary place), Treasure-trove",3.75,83.78471006135432
David Copperfield,Charles Dickens,1800,"British and irish drama (dramatic works by one author), Children's fiction, Orphans, fiction",4.46,83.33001376315003
Great Expectations,Charles Dickens,1861,"Authors, Benefactors, Bildungsromans",3.73,44.764419950988085
The Big Four,Agatha Christie,1927,"Fiction, Mystery, Private investigators",4.41,64.39239556542775
King Henry V,William Shakespeare,1600,"Drama, open_syllabus_project, History",3.25,70.27424145801092
Julius Caesar,William Shakespeare,1684,"Antoine (Marcus Antonius), Assassination, Assassins",3.61,45.5787792943082
Little Women,Louisa May Alcott,1848,"Romans, Jeunes filles, Soeurs",4.11,35.90605738843121
The Hound of the Baskervilles,Arthur Conan Doyle,1900,"crime novel, English Civil War, mires",3.92,25.373978157700403
A Midsummer Night's Dream,William Shakespeare,1600,"Drama, Courtship, Plays",3.72,13.60762327529415
The Picture of Dorian Gray,Oscar Wilde,1890,"British and irish fiction (fictional works by one author), Conduct of life, fiction, Fantasy fiction",4.1,27.66662117231077
Macbeth,William Shakespeare,1508,"Drama, Regicides, Kings and rulers",3.94,34.69730295162267
Twelve years a slave,Solomon Northup,1800,"Slavery, Plantation life, History",4.57,77.12502423288544
The Canterbury Tales,Geoffrey Chaucer,1478,"Death, English Narrative poetry, Juvenile poetry",3.27,83.99057759198823
The Merchant of Venice,William Shakespeare,1600,"Drama, Jews, Moneylenders",3.93,72.9315728555798
A Brief History of Time,Stephen Hawking,1988,"Cosmologie, Temps (durée), Espace-temps",4.16,10.09214079109114
Gulliver's Travels,Jonathan Swift,1726,"YA, Young adult, Juvenile",3.59,51.97174640405746
The moving finger,Agatha Christie,1942,"Fiction, Women detectives, Jane Marple (Fictitious character)",3.88,37.966849701561664
Death in the Clouds,Agatha Christie,1935,"Detective and mystery stories, Fiction, Hercule Poirot (Fictitious character)",4.38,87.66258143071194
Carrie,Stephen King,1974,"occult & supernatural fiction, horror fiction, psychological thrillers",4.02,59.47705508449178
Autobiography of a Yogi,Yogananda Paramahansa,1946,"Autobiography, Yogis, Yoga",4.18,93.11807150205428
Alice's Adventures in Wonderland,Lewis Carroll,1865,"Alice (fictitious character : carroll), fiction, British and irish fiction (fictional works by one author), Fiction, fantasy, general",4.02,87.33181649539698
Don Quixote,Miguel de Cervantes Saavedra,1600,"Don Quixote (Cervantes Saavedra, Miguel de), Quotations, Knights and knighthood",3.79,21.17800926059989
The blue castle,Lucy Maud Montgomery,1926,"Juvenile fiction, Friendship, Self-actualization (Psychology)",3.75,79.78909339501928
For Whom the Bell Tolls,Ernest Hemingway,1940,"Spain in fiction, Fiction, History",3.5,19.150948126881307
Смерть Ивана Ильича,Лев Толстой,1887,"Literature, Manners and customs in fiction, Novellas",4.12,96.11124142855654
Age of fable,Thomas Bulfinch,1800,"Adaptations, Anecdotes, Arthurian romances",3.0,35.667853373861696
Tender is the Night,F. Scott Fitzgerald,1933,"Fiction, Psychiatrists, Wealth",3.71,64.89560373029147
Phantastes,George MacDonald,1850,"Fairy tales, Scottish Fantasy fiction, Fiction, romance, fantasy",3.89,38.26170704140683
